<application>
  <component name="NodeJsLocalInterpreterManager">
    <local-interpreter path="/usr/local/bin/node" />
    <local-interpreter path="$USER_HOME$/.nvm/versions/node/v21.6.1/bin/node" />
    <local-interpreter path="/usr/local/Cellar/node/21.5.0/bin/node" />
    <local-interpreter path="$USER_HOME$/.nvm/versions/node/v20.11.1/bin/node" />
    <local-interpreter path="$USER_HOME$/.nvm/versions/node/v20.11.0/bin/node" />
    <local-interpreter path="$USER_HOME$/.nvm/versions/node/v18.19.0/bin/node">
      <version-cache version="18.19.0" last-modified="1701271986000" />
    </local-interpreter>
    <local-interpreter path="$USER_HOME$/.nvm/versions/node/v16.20.2/bin/node" />
  </component>
</application>